{
    "LANGS_CHOOSE": "언어를 선택하세요",
    "GLOSSARY": "어휘",
    "GLOSSARY_INDEX": "색인",
    "GLOSSARY_OPEN": "어휘",
    "GITBOOK_LINK": "GitBook에 게시",
    "SUMMARY": "차례",
    "SUMMARY_INTRODUCTION": "소개",
    "SUMMARY_TOGGLE": "차례",
    "SEARCH_TOGGLE": "검색",
    "SEARCH_PLACEHOLDER": "검색어 입력",
    "FONTSETTINGS_TOGGLE": "글꼴 설정",
    "SHARE_TOGGLE": "공유",
    "SHARE_ON": "{{platform}}에 공유",
    "FONTSETTINGS_WHITE": "화이트",
    "FONTSETTINGS_SEPIA": "세피아",
    "FONTSETTINGS_NIGHT": "나이트",
    "FONTSETTINGS_SANS": "고딕",
    "FONTSETTINGS_SERIF": "명조"
}
