{
    "LANGS_CHOOSE": "Dil seçimi",
    "GLOSSARY": "Sözlük",
    "GLOSSARY_INDEX": "Dizin",
    "GLOSSARY_OPEN": "Sözlük",
    "GITBOOK_LINK": "GitBook ile yayınla",
    "SUMMARY": "İçindekiler",
    "SUMMARY_INTRODUCTION": "Giriş",
    "SUMMARY_TOGGLE": "İçindekiler",
    "SEARCH_TOGGLE": "Arama",
    "SEARCH_PLACEHOLDER": "Aramak istediğiniz",
    "FONTSETTINGS_TOGGLE": "Font Ayarları",
    "SHARE_TOGGLE": "Paylaş",
    "SHARE_ON": "{{platform}} ile paylaş",
    "FONTSETTINGS_WHITE": "Beyaz",
    "FONTSETTINGS_SEPIA": "Sepya",
    "FONTSETTINGS_NIGHT": "Karanlık",
    "FONTSETTINGS_SANS": "Sans",
    "FONTSETTINGS_SERIF": "Serif"
}
